{
  "'Abu Dhabi'": "아부다비",
  "'Addis Ababa'": "아디스아바바",
  "'Alice Springs'": "앨리스스프링스",
  "'Atlantic City'": "애틀랜틱시티",
  "'Baton Rouge'": "배턴루지",
  "'Belo Horizonte'": "벨루오리존치",
  "'Bora Bora'": "보라보라",
  "'Buenos Aires'": "부에노스아이레스",
  "'Buon Ma Thuot'": "부온마투옷",
  "'Cameron Highlands'": "카메론하이랜드",
  "'Can Tho'": "껀터",
  "'Cape Town'": "케이프타운",
  "'Chiang Mai'": "치앙마이",
  "'Chiang Rai'": "치앙라이",
  "'Cinque Terre'": "친퀘테레",
  "'Colorado Springs'": "콜로라도스프링스",
  "'Corpus Christi'": "코퍼스크리스티",
  "'Da Nang'": "다낭",
  "'Dar es Salaam'": "다르에스살람",
  "'Daytona Beach'": "데이토나비치",
  "'Dead Sea'": "사해",
  "'El Nido'": "엘니도",
  "'El Paso'": "엘파소",
  "'Fort Collins'": "포트콜린스",
  "'Fort Lauderdale'": "포트로더데일",
  "'Fort Worth'": "포트워스",
  "'Franz Josef'": "프란츠요제프",
  "'Garden Route'": "가든루트",
  "'Genting Highlands'": "겐팅하이랜드",
  "'George Town'": "조지타운",
  "'Gili Islands'": "길리아일랜드",
  "'Gold Coast'": "골드코스트",
  "'Gran Canaria'": "그란카나리아",
  "'Hai Phong'": "하이퐁",
  "'Hat Yai'": "핫야이",
  "'Ho Chi Minh City'": "호치민",
  "'Hong Kong'": "홍콩",
  "'Hua Hin'": "후아힌",
  "'Jersey City'": "저지시티",
  "'Johor Bahru'": "조호르바루",
  "'Kansas City'": "캔자스시티",
  "'Key West'": "키웨스트",
  "'Khon Kaen'": "콘깬",
  "'Koh Samui'": "코사무이",
  "'Kota Kinabalu'": "코타키나발루",
  "'Kuala Lumpur'": "쿠알라룸푸르",
  "'Kuwait City'": "쿠웨이트시티",
  "'La Digue'": "라디게",
  "'La Paz'": "라파스",
  "'Labuan Bajo'": "라부안바조",
  "'Lake Louise'": "레이크루이스",
  "'Las Vegas'": "라스베이거스",
  "'Little Rock'": "리틀록",
  "'Long Beach'": "롱비치",
  "'Los Angeles'": "로스앤젤레스",
  "'Luang Prabang'": "루앙프라방",
  "'Masai Mara'": "마사이마라",
  "'Mexico City'": "멕시코시티",
  "'Milford Sound'": "밀포드사운드",
  "'Nakhon Ratchasima'": "나콘라차시마",
  "'New Haven'": "뉴헤이븐",
  "'New Orleans'": "뉴올리언스",
  "'New Plymouth'": "뉴플리머스",
  "New York": "뉴욕",
  "New York City": "뉴욕",
  "'Nha Trang'": "나트랑",
  "'Niagara Falls'": "나이아가라폭포",
  "'Nizhny Novgorod'": "니즈니노브고로드",
  "'Nosy Be'": "노시베",
  "'Palma de Mallorca'": "팔마데마요르카",
  "'Palmerston North'": "파머스턴노스",
  "'Park City'": "파크시티",
  "'Petaling Jaya'": "프탈링자야",
  "'Phnom Penh'": "프놈펜",
  "'Phra Nakhon Si Ayutthaya'": "아유타야",
  "'Plettenberg Bay'": "플레텐버그베이",
  "'Port Elizabeth'": "포트엘리자베스",
  "'Port Louis'": "포트루이스",
  "'Port Vila'": "포트빌라",
  "'Porto Alegre'": "포르투알레그리",
  "'Prince Edward Island'": "프린스에드워드아일랜드",
  "'Puerto Princesa'": "푸에르토프린세사",
  "'Ras Al Khaimah'": "라스알카이마",
  "'Rio de Janeiro'": "리우데자네이루",
  "'Saint Petersburg'": "상트페테르부르크",
  "'Salt Lake City'": "솔트레이크시티",
  "'San Antonio'": "샌안토니오",
  "'San Diego'": "샌디에이고",
  "'San Francisco'": "샌프란시스코",
  "'San Jose'": "산호세",
  "'San Juan'": "산후안",
  "'San Remo'": "산레모",
  "'San Sebastian'": "산세바스티안",
  "'Santa Cruz'": "산타크루스",
  "'Santa Fe'": "샌타페",
  "'Santo Domingo'": "산토도밍고",
  "'Shah Alam'": "샤알람",
  "'Sharm El Sheikh'": "샤름엘셰이크",
  "'Siem Reap'": "시엠립",
  "'Sun City'": "선시티",
  "'Sunshine Coast'": "선샤인코스트",
  "'Surat Thani'": "수랏타니",
  "'Tel Aviv'": "텔아비브",
  "'The Hague'": "헤이그",
  "'Udon Thani'": "우돈타니",
  "'Veliko Tarnovo'": "벨리코타르노보",
  "'Victoria Falls'": "빅토리아폭포",
  "'Virginia Beach'": "버지니아비치",
  "'Wadi Rum'": "와디럼",
  "'West Palm Beach'": "웨스트팜비치",
  "AL'": "버밍엄",
  "Abidjan": "아비장",
  "Acapulco": "아카풀코",
  "Accra": "아크라",
  "Adana": "아다나",
  "Adelaide": "애들레이드",
  "Agadir": "아가디르",
  "Agrigento": "아그리젠토",
  "Ahmedabad": "아마다바드",
  "Ajman": "아지만",
  "Akashi": "아카시",
  "Akita": "아키타",
  "Albany": "올버니",
  "Alberobello": "알베로벨로",
  "Albuquerque": "앨버커키",
  "Alexandria": "알렉산드리아",
  "Alghero": "알게로",
  "Algiers": "알제",
  "Alicante": "알리칸테",
  "Amagasaki": "아마가사키",
  "Amalfi": "아말피",
  "Amarillo": "아마릴로",
  "Amboseli": "암보셀리",
  "Amman": "암만",
  "Amsterdam": "암스테르담",
  "Anchorage": "앵커리지",
  "Andong": "안동",
  "Angeles": "앙헬레스",
  "Ankara": "앙카라",
  "Annecy": "안시",
  "Ansan": "안산",
  "Anshan": "안산",
  "Antalya": "안탈리아",
  "Antananarivo": "안타나나리보",
  "Antwerp": "앤트워프",
  "Anyang": "안양",
  "Aomori": "아오모리",
  "Apia": "아피아",
  "Aqaba": "아카바",
  "Arlington": "알링턴",
  "Asahikawa": "아사히카와",
  "Asan": "아산",
  "Aspen": "아스펜",
  "Assisi": "아시시",
  "Aswan": "아스완",
  "Athens": "아테네",
  "Atlanta": "애틀랜타",
  "Auckland": "오클랜드",
  "Augustine'": "세인트오거스틴",
  "Austin": "오스틴",
  "Avignon": "아비뇽",
  "Ayutthaya": "아유타야",
  "Bacolod": "바콜로드",
  "Baghdad": "바그다드",
  "Baguio": "바기오",
  "Baicheng": "바이청",
  "Baishan": "바이산",
  "Baku": "바쿠",
  "Bali": "발리",
  "Baltimore": "볼티모어",
  "Bandung": "반둥",
  "Banff": "밴프",
  "Bangalore": "방갈로르",
  "Bangkok": "방콕",
  "Baoding": "바오딩",
  "Barcelona": "바르셀로나",
  "Bari": "바리",
  "Barranquilla": "바랑키야",
  "Basel": "바젤",
  "Batam": "바탐",
  "Batumi": "바투미",
  "Beihai": "베이하이",
  "Beijing": "베이징",
  "Beirut": "베이루트",
  "Belgrade": "베오그라드",
  "Bend": "벤드",
  "Benxi": "번시",
  "Bergamo": "베르가모",
  "Berlin": "베를린",
  "Bern": "베른",
  "Bethlehem": "베들레헴",
  "Bilbao": "빌바오",
  "Biloxi": "빌럭시",
  "Bintan": "빈탄",
  "Binzhou": "빈저우",
  "Birmingham": "버밍엄",
  "Bodrum": "보드룸",
  "Boeun": "보은",
  "Boise": "보이시",
  "Bologna": "볼로냐",
  "Bonghwa": "봉화",
  "Boracay": "보라카이",
  "Bordeaux": "보르도",
  "Boryeong": "보령",
  "Boseong": "보성",
  "Boston": "보스턴",
  "Boulder": "볼더",
  "Braga": "브라가",
  "Bran": "브란",
  "Brasov": "브라쇼프",
  "Bratislava": "브라티슬라바",
  "Breckenridge": "브레켄리지",
  "Brighton": "브라이튼",
  "Brisbane": "브리즈번",
  "Bristol": "브리스톨",
  "Bruges": "브뤼헤",
  "Brussels": "브뤼셀",
  "Buan": "부안",
  "Bucharest": "부쿠레슈티",
  "Bucheon": "부천",
  "Budapest": "부다페스트",
  "Budva": "부드바",
  "Buffalo": "버팔로",
  "Burgas": "부르가스",
  "Bursa": "부르사",
  "Busan": "부산",
  "Buyeo": "부여",
  "Cagliari": "칼리아리",
  "Cairns": "케언즈",
  "Cairo": "카이로",
  "Calgary": "캘거리",
  "Cali": "칼리",
  "Cambridge": "케임브리지",
  "Canberra": "캔버라",
  "Cangzhou": "창저우",
  "Cannes": "칸",
  "Cappadocia": "카파도키아",
  "Capri": "카프리",
  "Caracas": "카라카스",
  "Casablanca": "카사블랑카",
  "Cascais": "카스카이스",
  "Catania": "카타니아",
  "Cebu": "세부",
  "Chamonix": "샤모니",
  "Changchun": "창춘",
  "Changnyeong": "창녕",
  "Changsha": "창사",
  "Changwon": "창원",
  "Changzhou": "창저우",
  "Chaoyang": "차오양",
  "Chaozhou": "차오저우",
  "Charleston": "찰스턴",
  "Charlotte": "샬럿",
  "Charlottetown": "샬럿타운",
  "Chattanooga": "채터누가",
  "Chefchaouen": "셰프샤우엔",
  "Chelyabinsk": "첼랴빈스크",
  "Chengde": "청더",
  "Chengdu": "청두",
  "Chennai": "첸나이",
  "Cheonan": "천안",
  "Cheongdo": "청도",
  "Cheongju": "청주",
  "Cheongsong": "청송",
  "Cheorwon": "철원",
  "Chiba": "치바",
  "Chicago": "시카고",
  "Chilgok": "칠곡",
  "Chongqing": "충칭",
  "Christchurch": "크라이스트처치",
  "Chuncheon": "춘천",
  "Chungju": "충주",
  "Cincinnati": "신시내티",
  "Clark": "클락",
  "Clearwater": "클리어워터",
  "Cleveland": "클리블랜드",
  "Coimbra": "코임브라",
  "Colmar": "콜마르",
  "Cologne": "쾰른",
  "Colombo": "콜롬보",
  "Columbus": "콜럼버스",
  "Como": "코모",
  "Constanta": "콘스탄타",
  "Copenhagen": "코펜하겐",
  "Cordoba": "코르도바",
  "Corfu": "코르푸",
  "Coron": "코론",
  "Crete": "크레타",
  "Curitiba": "쿠리치바",
  "Daegu": "대구",
  "Daejeon": "대전",
  "Dahab": "다합",
  "Dakar": "다카르",
  "Dalian": "다롄",
  "Dallas": "댈러스",
  "Damascus": "다마스쿠스",
  "Dammam": "담맘",
  "Damyang": "담양",
  "Dandong": "단둥",
  "Danyang": "단양",
  "Daqing": "다칭",
  "Darwin": "다윈",
  "Davao": "다바오",
  "Davos": "다보스",
  "Daxinganling": "다싱안링",
  "Delhi": "델리",
  "Delphi": "델피",
  "Denpasar": "덴파사르",
  "Denver": "덴버",
  "Detroit": "디트로이트",
  "Dezhou": "더저우",
  "Dhaka": "다카",
  "Diani": "디아니",
  "Dijon": "디종",
  "Doha": "도하",
  "Don'": "로스토프나도누",
  "Dongguan": "둥관",
  "Donghae": "동해",
  "Dortmund": "도르트문트",
  "Dresden": "드레스덴",
  "Dubai": "두바이",
  "Dublin": "더블린",
  "Dubrovnik": "두브로브니크",
  "Dumaguete": "두마게테",
  "Dunedin": "더니든",
  "Durban": "더반",
  "Edinburgh": "에든버러",
  "Edmonton": "에드먼턴",
  "Eilat": "에일라트",
  "Eindhoven": "아인트호번",
  "Ephesus": "에페소스",
  "Esfahan": "이스파한",
  "Essaouira": "에사우이라",
  "Essen": "에센",
  "Etosha": "에토샤",
  "Eugene": "유진",
  "Eumseong": "음성",
  "FL'": "네이플스",
  "Fairbanks": "페어뱅크스",
  "Faro": "파루",
  "Fethiye": "페티예",
  "Fez": "페스",
  "Fiji": "피지",
  "Flagstaff": "플래그스태프",
  "Florence": "피렌체",
  "Fortaleza": "포르탈레자",
  "Foshan": "포산",
  "Frankfurt": "프랑크푸르트",
  "Franschhoek": "프란슈훅",
  "Fresno": "프레즈노",
  "Fuerteventura": "푸에르테벤투라",
  "Fujairah": "푸자이라",
  "Fujisawa": "후지사와",
  "Fukui": "후쿠이",
  "Fukuoka": "후쿠오카",
  "Fukushima": "후쿠시마",
  "Fukuyama": "후쿠야마",
  "Funabashi": "후나바시",
  "Funchal": "푼샬",
  "Fushun": "푸순",
  "Fuxin": "푸신",
  "Fuzhou": "푸저우",
  "Gainesville": "게인즈빌",
  "Gangjin": "강진",
  "Gangneung": "강릉",
  "Gaziantep": "가지안테프",
  "Gdansk": "그단스크",
  "Geelong": "질롱",
  "Geneva": "제네바",
  "Genoa": "제노바",
  "Geochang": "거창",
  "Geoje": "거제",
  "George'": "세인트조지",
  "Geumsan": "금산",
  "Ghent": "겐트",
  "Gifu": "기후",
  "Gimcheon": "김천",
  "Gimhae": "김해",
  "Gimje": "김제",
  "Gimpo": "김포",
  "Giza": "기자",
  "Glasgow": "글래스고",
  "Gochang": "고창",
  "Goesan": "괴산",
  "Goheung": "고흥",
  "Gokseong": "곡성",
  "Gongju": "공주",
  "Goryeong": "고령",
  "Goseong": "고성",
  "Goyang": "고양",
  "Granada": "그라나다",
  "Graz": "그라츠",
  "Grenoble": "그르노블",
  "Grindelwald": "그린델발트",
  "Guadalajara": "과달라하라",
  "Guangzhou": "광저우",
  "Guayaquil": "과야킬",
  "Guilin": "구이린",
  "Guiyang": "구이양",
  "Gumi": "구미",
  "Gunpo": "군포",
  "Gunsan": "군산",
  "Gunwi": "군위",
  "Gurye": "구례",
  "Gwangju": "광주",
  "Gwangmyeong": "광명",
  "Gwangyang": "광양",
  "Gyeongju": "경주",
  "Hachioji": "하치오지",
  "Hadong": "하동",
  "Haenam": "해남",
  "Haifa": "하이파",
  "Haikou": "하이커우",
  "Hakodate": "하코다테",
  "Halifax": "핼리팩스",
  "Halong": "하롱",
  "Hamamatsu": "하마마쓰",
  "Haman": "함안",
  "Hamburg": "함부르크",
  "Hamilton": "해밀턴",
  "Hampyeong": "함평",
  "Hamyang": "함양",
  "Hanam": "하남",
  "Handan": "한단",
  "Hangzhou": "항저우",
  "Hanoi": "하노이",
  "Hanover": "하노버",
  "Hapcheon": "합천",
  "Harbin": "하얼빈",
  "Hartford": "하트퍼드",
  "Havana": "아바나",
  "Hefei": "허페이",
  "Hegang": "허강",
  "Heihe": "헤이허",
  "Helsinki": "헬싱키",
  "Hengshui": "헝수이",
  "Hermanus": "허마누스",
  "Heyuan": "허위안",
  "Heze": "허쩌",
  "Higashiosaka": "히가시오사카",
  "Hilo": "힐로",
  "Himeji": "히메지",
  "Hirakata": "히라카타",
  "Hiroshima": "히로시마",
  "Hobart": "호바트",
  "Hoengseong": "횡성",
  "Hongcheon": "홍천",
  "Hongseong": "홍성",
  "Honolulu": "호놀룰루",
  "Houston": "휴스턴",
  "Huainan": "화이난",
  "Hue": "후에",
  "Huizhou": "후이저우",
  "Huludao": "후루다오",
  "Hurghada": "후르가다",
  "Hvar": "흐바르",
  "Hwacheon": "화천",
  "Hwaseong": "화성",
  "Hwasun": "화순",
  "Hyderabad": "하이데라바드",
  "Ibiza": "이비자",
  "Icheon": "이천",
  "Ichihara": "이치하라",
  "Ichikawa": "이치카와",
  "Ichinomiya": "이치노미야",
  "Iksan": "익산",
  "Iloilo": "일로일로",
  "Imsil": "임실",
  "Incheon": "인천",
  "Indianapolis": "인디애나폴리스",
  "Indore": "인도르",
  "Inje": "인제",
  "Innsbruck": "인스브루크",
  "Interlaken": "인터라켄",
  "Invercargill": "인버카길",
  "Ipoh": "이포",
  "Irkutsk": "이르쿠츠크",
  "Irving": "어빙",
  "Islamabad": "이슬라마바드",
  "Istanbul": "이스탄불",
  "Itami": "이타미",
  "Iwakuni": "이와쿠니",
  "Izmir": "이즈미르",
  "Jackson": "잭슨",
  "Jacksonville": "잭슨빌",
  "Jaipur": "자이푸르",
  "Jakarta": "자카르타",
  "Jangheung": "장흥",
  "Jangseong": "장성",
  "Jangsu": "장수",
  "Jasper": "재스퍼",
  "Jecheon": "제천",
  "Jeddah": "제다",
  "Jeju": "제주",
  "Jeongeup": "정읍",
  "Jeongseon": "정선",
  "Jeonju": "전주",
  "Jerusalem": "예루살렘",
  "Jeungpyeong": "증평",
  "Jiamusi": "자무쓰",
  "Jiangmen": "장먼",
  "Jieyang": "제양",
  "Jilin": "지린",
  "Jinan": "지난",
  "Jincheon": "진천",
  "Jindo": "진도",
  "Jining": "지닝",
  "Jinju": "진주",
  "Jinzhou": "진저우",
  "Jixi": "지시",
  "Johannesburg": "요하네스버그",
  "Johns'": "세인트존스",
  "Juneau": "주노",
  "Kagoshima": "가고시마",
  "Kakogawa": "가코가와",
  "Kamloops": "캄룹스",
  "Kanazawa": "가나자와",
  "Kanchanaburi": "깐짜나부리",
  "Kanpur": "칸푸르",
  "Kaohsiung": "가오슝",
  "Karachi": "카라치",
  "Kas": "카슈",
  "Kashiwa": "가시와",
  "Kasugai": "가스가이",
  "Kathmandu": "카트만두",
  "Kauai": "카우아이",
  "Kawaguchi": "가와구치",
  "Kawanishi": "가와니시",
  "Kawasaki": "가와사키",
  "Kazan": "카잔",
  "Kelowna": "켈로나",
  "Kerman": "케르만",
  "Khabarovsk": "하바롭스크",
  "Khartoum": "하르툼",
  "Khobar": "코바르",
  "Kingston": "킹스턴",
  "Kinshasa": "킨샤사",
  "Kitakyushu": "기타큐슈",
  "Knoxville": "녹스빌",
  "Knysna": "나이즈나",
  "Kobe": "고베",
  "Kochi": "고치",
  "Kofu": "고후",
  "Kolkata": "콜카타",
  "Kona": "코나",
  "Konya": "코니아",
  "Kotor": "코토르",
  "Krabi": "끄라비",
  "Krakow": "크라쿠프",
  "Krasnoyarsk": "크라스노야르스크",
  "Kruger": "크루거",
  "Kuching": "쿠칭",
  "Kumamoto": "구마모토",
  "Kunming": "쿤밍",
  "Kurashiki": "구라시키",
  "Kure": "구레",
  "Kushiro": "구시로",
  "Kuta": "쿠타",
  "Kyiv": "키이우",
  "Kyoto": "교토",
  "Lafayette": "라파예트",
  "Lagos": "라고스",
  "Lahore": "라호르",
  "Lamu": "라무",
  "Langfang": "랑팡",
  "Langkawi": "랑카위",
  "Lanzarote": "란사로테",
  "Lanzhou": "란저우",
  "Lausanne": "로잔",
  "Lecce": "레체",
  "Leeds": "리즈",
  "Leicester": "레스터",
  "Leipzig": "라이프치히",
  "Lexington": "렉싱턴",
  "Lianyungang": "롄윈강",
  "Liaocheng": "랴오청",
  "Liaoyang": "랴오양",
  "Liaoyuan": "랴오위안",
  "Lille": "릴",
  "Lima": "리마",
  "Linyi": "린이",
  "Linz": "린츠",
  "Lisbon": "리스본",
  "Liuzhou": "류저우",
  "Liverpool": "리버풀",
  "Livingstone": "리빙스턴",
  "Ljubljana": "류블랴나",
  "Lombok": "롬복",
  "London": "런던",
  "Louisville": "루이빌",
  "Luanda": "루안다",
  "Lubbock": "러벅",
  "Lucerne": "루체른",
  "Lucknow": "러크나우",
  "Luxembourg": "룩셈부르크",
  "Luxor": "룩소르",
  "Lviv": "리비우",
  "Lyon": "리옹",
  "Macau": "마카오",
  "Machida": "마치다",
  "Madrid": "마드리드",
  "Maebashi": "마에바시",
  "Mahe": "마헤",
  "Makassar": "마카사르",
  "Malaga": "말라가",
  "Malang": "말랑",
  "Manama": "마나마",
  "Manaus": "마나우스",
  "Manchester": "맨체스터",
  "Manila": "마닐라",
  "Maoming": "마오밍",
  "Marmaris": "마르마리스",
  "Marrakech": "마라케시",
  "Marseille": "마르세유",
  "Mashhad": "마슈하드",
  "Matera": "마테라",
  "Matsudo": "마쓰도",
  "Matsue": "마쓰에",
  "Matsuyama": "마쓰야마",
  "Maui": "마우이",
  "Mecca": "메카",
  "Medan": "메단",
  "Medina": "메디나",
  "Meizhou": "메이저우",
  "Melaka": "말라카",
  "Melbourne": "멜버른",
  "Memphis": "멤피스",
  "Menorca": "메노르카",
  "Merzouga": "메르주가",
  "Mesa": "메사",
  "Meteora": "메테오라",
  "Miami": "마이애미",
  "Milan": "밀라노",
  "Milwaukee": "밀워키",
  "Minneapolis": "미니애폴리스",
  "Minsk": "민스크",
  "Miryang": "밀양",
  "Mito": "미토",
  "Miyazaki": "미야자키",
  "Moab": "모압",
  "Mobile": "모빌",
  "Modena": "모데나",
  "Mokpo": "목포",
  "Mombasa": "몸바사",
  "Monaco": "모나코",
  "Monterrey": "몬테레이",
  "Montevideo": "몬테비데오",
  "Montgomery": "몽고메리",
  "Montpellier": "몽펠리에",
  "Montreal": "몬트리올",
  "Montreux": "몽트뢰",
  "Moorea": "모레아",
  "Morioka": "모리오카",
  "Moritz'": "생모리츠",
  "Moscow": "모스크바",
  "Mostar": "모스타르",
  "Muan": "무안",
  "Mudanjiang": "무단장",
  "Muju": "무주",
  "Mumbai": "뭄바이",
  "Mungyeong": "문경",
  "Munich": "뮌헨",
  "Murcia": "무르시아",
  "Musandam": "무산담",
  "Muscat": "무스카트",
  "Muskoka": "머스코카",
  "Mykonos": "미코노스",
  "NY'": "시라큐스",
  "Nadi": "나디",
  "Nafplio": "나플리오",
  "Nagano": "나가노",
  "Nagasaki": "나가사키",
  "Nagoya": "나고야",
  "Nagpur": "나그푸르",
  "Naha": "나하",
  "Nairobi": "나이로비",
  "Naju": "나주",
  "Namhae": "남해",
  "Namwon": "남원",
  "Namyangju": "남양주",
  "Nanaimo": "나나이모",
  "Nanchang": "난창",
  "Nanjing": "난징",
  "Nanning": "난닝",
  "Nantes": "낭트",
  "Nantong": "난통",
  "Napier": "네이피어",
  "Naples": "나폴리",
  "Napoca'": "클루지나포카",
  "Nara": "나라",
  "Nashville": "내슈빌",
  "Nassau": "나소",
  "Nazareth": "나사렛",
  "Nelson": "넬슨",
  "Newark": "뉴어크",
  "Newcastle": "뉴캐슬",
  "Ngorongoro": "응고롱고로",
  "Nice": "니스",
  "Niigata": "니가타",
  "Ningbo": "닝보",
  "Nishinomiya": "니시노미야",
  "Nonsan": "논산",
  "Norfolk": "노폭",
  "Nottingham": "노팅엄",
  "Noumea": "누메아",
  "Novosibirsk": "노보시비르스크",
  "Nuremberg": "뉘른베르크",
  "Oakland": "오클랜드",
  "Obihiro": "오비히로",
  "Odesa": "오데사",
  "Ohrid": "오흐리드",
  "Oita": "오이타",
  "Okayama": "오카야마",
  "Okazaki": "오카자키",
  "Okcheon": "옥천",
  "Okinawa": "오키나와",
  "Olbia": "올비아",
  "Olympia": "올림피아",
  "Omaha": "오마하",
  "Omsk": "옴스크",
  "Onomichi": "오노미치",
  "Orlando": "올랜도",
  "Orvieto": "오르비에토",
  "Osaka": "오사카",
  "Osan": "오산",
  "Oslo": "오슬로",
  "Otsu": "오쓰",
  "Ottawa": "오타와",
  "Ouarzazate": "와르자자트",
  "Oxford": "옥스퍼드",
  "Padua": "파도바",
  "Pai": "빠이",
  "Paju": "파주",
  "Palawan": "팔라완",
  "Palermo": "팔레르모",
  "Pamplona": "팜플로나",
  "Pamukkale": "파묵칼레",
  "Panjin": "판진",
  "Papeete": "파페에테",
  "Paris": "파리",
  "Parma": "파르마",
  "Pattaya": "파타야",
  "Penang": "페낭",
  "Pensacola": "펜사콜라",
  "Perm": "페름",
  "Perth": "퍼스",
  "Perugia": "페루자",
  "Petersburg'": "세인트피터즈버그",
  "Petra": "페트라",
  "Philadelphia": "필라델피아",
  "Phoenix": "피닉스",
  "Phuket": "푸켓",
  "Pisa": "피사",
  "Pittsburgh": "피츠버그",
  "Plano": "플레이노",
  "Plitvice": "플리트비체",
  "Plovdiv": "플로브디프",
  "Pohang": "포항",
  "Portland": "포틀랜드",
  "Porto": "포르투",
  "Portofino": "포르토피노",
  "Positano": "포시타노",
  "Prague": "프라하",
  "Praslin": "프라슬린",
  "Pretoria": "프리토리아",
  "Prince'": "포르토프랭스",
  "Provence'": "엑상프로방스",
  "Providence": "프로비던스",
  "Puebla": "푸에블라",
  "Pula": "풀라",
  "Pune": "푸네",
  "Pyeongchang": "평창",
  "Pyeongtaek": "평택",
  "Qingdao": "칭다오",
  "Qingyuan": "칭위안",
  "Qinhuangdao": "친황다오",
  "Qiqihar": "치치하얼",
  "Qitaihe": "치타이허",
  "Quebec": "퀘벡",
  "Queenstown": "퀸스타운",
  "Quito": "키토",
  "Rabat": "라바트",
  "Raleigh": "롤리",
  "Ravello": "라벨로",
  "Ravenna": "라벤나",
  "Recife": "헤시페",
  "Regina": "리자이나",
  "Reims": "랭스",
  "Rennes": "렌",
  "Reno": "리노",
  "Reykjavik": "레이캬비크",
  "Rhodes": "로도스",
  "Richmond": "리치먼드",
  "Riga": "리가",
  "Rimini": "리미니",
  "Riyadh": "리야드",
  "Rizhao": "르자오",
  "Rochester": "로체스터",
  "Rome": "로마",
  "Rotorua": "로토루아",
  "Rotterdam": "로테르담",
  "Rouen": "루앙",
  "Rovinj": "로빈",
  "Sacheon": "사천",
  "Sacramento": "새크라멘토",
  "Saga": "사가",
  "Saitama": "사이타마",
  "Sakai": "사카이",
  "Salalah": "살랄라",
  "Salamanca": "살라망카",
  "Salem": "세일럼",
  "Salvador": "살바도르",
  "Salzburg": "잘츠부르크",
  "Samara": "사마라",
  "Samcheok": "삼척",
  "Sancheong": "산청",
  "Sangam": "상암",
  "Sangju": "상주",
  "Santander": "산탄데르",
  "Santiago": "산티아고",
  "Santorini": "산토리니",
  "Sanur": "사누르",
  "Sanya": "싼야",
  "Sapporo": "삿포로",
  "Sarajevo": "사라예보",
  "Sarasota": "사라소타",
  "Saskatoon": "새스커툰",
  "Savannah": "사바나",
  "Scottsdale": "스코츠데일",
  "Seattle": "시애틀",
  "Sedona": "세도나",
  "Segovia": "세고비아",
  "Sejong": "세종",
  "Semarang": "스마랑",
  "Seminyak": "스미냑",
  "Sendai": "센다이",
  "Seocheon": "서천",
  "Seongju": "성주",
  "Seongnam": "성남",
  "Seosan": "서산",
  "Seoul": "서울",
  "Serengeti": "세렝게티",
  "Seville": "세비야",
  "Shanghai": "상하이",
  "Shantou": "산터우",
  "Shanwei": "산웨이",
  "Shaoguan": "샤오관",
  "Sharjah": "샤르자",
  "Sheffield": "셰필드",
  "Shenyang": "선양",
  "Shenzhen": "선전",
  "Shijiazhuang": "스자좡",
  "Shimonoseki": "시모노세키",
  "Shiraz": "시라즈",
  "Shizuoka": "시즈오카",
  "Shreveport": "슈리브포트",
  "Shuangyashan": "솽야산",
  "Sibiu": "시비우",
  "Siena": "시에나",
  "Siheung": "시흥",
  "Sinaia": "시나이아",
  "Sinan": "신안",
  "Singapore": "싱가포르",
  "Sintra": "신트라",
  "Siping": "쓰핑",
  "Skopje": "스코페",
  "Sofia": "소피아",
  "Sokcho": "속초",
  "Solo": "솔로",
  "Songkhla": "송클라",
  "Songyuan": "송위안",
  "Sorrento": "소렌토",
  "Sossusvlei": "소수스블레이",
  "Southampton": "사우샘프턴",
  "Split": "스플리트",
  "Spokane": "스포캔",
  "Stellenbosch": "스텔렌보스",
  "Stockholm": "스톡홀름",
  "Strasbourg": "스트라스부르",
  "Stuttgart": "슈투트가르트",
  "Subic": "수빅",
  "Suihua": "쑤이화",
  "Suita": "스이타",
  "Sukhothai": "수코타이",
  "Sunchang": "순창",
  "Suncheon": "순천",
  "Sur": "수르",
  "Surabaya": "수라바야",
  "Suva": "수바",
  "Suwon": "수원",
  "Suzhou": "쑤저우",
  "Swakopmund": "스바코프문트",
  "Sydney": "시드니",
  "Syracuse": "시라쿠사",
  "Tabriz": "타브리즈",
  "Tacoma": "타코마",
  "Taebaek": "태백",
  "Tagaytay": "따가이따이",
  "Tahiti": "타히티",
  "Taian": "타이안",
  "Taichung": "타이중",
  "Tainan": "타이난",
  "Taipei": "타이페이",
  "Taiyuan": "타이위안",
  "Taizhou": "타이저우",
  "Takamatsu": "다카마쓰",
  "Takarazuka": "다카라즈카",
  "Takatsuki": "다카쓰키",
  "Tallahassee": "탤러해시",
  "Tallinn": "탈린",
  "Tampa": "탬파",
  "Tangier": "탕헤르",
  "Tangshan": "탕산",
  "Taormina": "타오르미나",
  "Taos": "타오스",
  "Taupo": "타우포",
  "Tauranga": "타우랑가",
  "Tbilisi": "트빌리시",
  "Tehran": "테헤란",
  "Telluride": "텔루라이드",
  "Tempe": "템피",
  "Tenerife": "테네리페",
  "Thessaloniki": "테살로니키",
  "Tianjin": "톈진",
  "Tieling": "톄링",
  "Tijuana": "티후아나",
  "Timisoara": "티미쇼아라",
  "Tirana": "티라나",
  "Tofino": "토피노",
  "Tokushima": "도쿠시마",
  "Tokyo": "도쿄",
  "Toledo": "톨레도",
  "Tonghua": "통화",
  "Tongyeong": "통영",
  "Toronto": "토론토",
  "Tottori": "돗토리",
  "Toulouse": "툴루즈",
  "Tours": "투르",
  "Townsville": "타운즈빌",
  "Toyama": "도야마",
  "Toyohashi": "도요하시",
  "Toyonaka": "도요나카",
  "Toyota": "도요타",
  "Trabzon": "트라브존",
  "Trenton": "트렌턴",
  "Trieste": "트리에스테",
  "Tripoli": "트리폴리",
  "Tropez'": "생트로페",
  "Tsu": "쓰",
  "Tsuyama": "쓰야마",
  "Tucson": "투손",
  "Tunis": "튀니스",
  "Turin": "토리노",
  "Ube": "우베",
  "Ubud": "우붓",
  "Ufa": "우파",
  "Uijeongbu": "의정부",
  "Uiryeong": "의령",
  "Uiseong": "의성",
  "Uiwang": "의왕",
  "Uljin": "울진",
  "Ulsan": "울산",
  "Uluru": "울루루",
  "Urumqi": "우루무치",
  "Utrecht": "위트레흐트",
  "Utsunomiya": "우쓰노미야",
  "Vail": "베일",
  "Valencia": "발렌시아",
  "Vancouver": "밴쿠버",
  "Varna": "바르나",
  "Venice": "베니스",
  "Verona": "베로나",
  "Victoria": "빅토리아",
  "Vienna": "빈",
  "Vientiane": "비엔티안",
  "Vigan": "비간",
  "Vilnius": "빌뉴스",
  "Vladivostok": "블라디보스토크",
  "Volgograd": "볼고그라드",
  "Voronezh": "보로네시",
  "Waco": "웨이코",
  "Waikiki": "와이키키",
  "Wakayama": "와카야마",
  "Wando": "완도",
  "Wanju": "완주",
  "Warsaw": "바르샤바",
  "Washington": "워싱턴",
  "Weifang": "웨이팡",
  "Weihai": "웨이하이",
  "Wellington": "웰링턴",
  "Wenzhou": "원저우",
  "Whangarei": "황가레이",
  "Whistler": "휘슬러",
  "Wilmington": "윌밍턴",
  "Windhoek": "빈트후크",
  "Winnipeg": "위니펙",
  "Wollongong": "울릉공",
  "Wonju": "원주",
  "Wroclaw": "브로츠와프",
  "Wuhan": "우한",
  "Wuxi": "우시",
  "Xiamen": "샤먼",
  "Xingtai": "싱타이",
  "Xuzhou": "쉬저우",
  "Yamagata": "야마가타",
  "Yamaguchi": "야마구치",
  "Yanbian": "연변",
  "Yancheng": "옌청",
  "Yanggu": "양구",
  "Yangjiang": "양장",
  "Yangju": "양주",
  "Yangon": "양곤",
  "Yangsan": "양산",
  "Yangyang": "양양",
  "Yangzhou": "양저우",
  "Yantai": "옌타이",
  "Yazd": "야즈드",
  "Yecheon": "예천",
  "Yekaterinburg": "예카테린부르크",
  "Yeongam": "영암",
  "Yeongcheon": "영천",
  "Yeongdeok": "영덕",
  "Yeongdong": "영동",
  "Yeonggwang": "영광",
  "Yeongju": "영주",
  "Yeongwol": "영월",
  "Yeosu": "여수",
  "Yerevan": "예레반",
  "Yesan": "예산",
  "Yichun": "이춘",
  "Yingkou": "잉커우",
  "Yogyakarta": "욕야카르타",
  "Yokohama": "요코하마",
  "Yokosuka": "요코스카",
  "Yongin": "용인",
  "Yunfu": "윈푸",
  "Zadar": "자다르",
  "Zagreb": "자그레브",
  "Zanzibar": "잔지바르",
  "Zaragoza": "사라고사",
  "Zermatt": "체르마트",
  "Zhangjiajie": "장자제",
  "Zhangjiakou": "장자커우",
  "Zhanjiang": "잔장",
  "Zhaoqing": "자오칭",
  "Zhengzhou": "정저우",
  "Zhenjiang": "전장",
  "Zhongshan": "중산",
  "Zhuhai": "주하이",
  "Zibo": "쯔보",
  "Zurich": "취리히",
  "gun'": "진안",
  "lia": "브라질리아",
  "n": "레온",
  "o Paulo'": "상파울루",
  "rez": "후아레스",
  "rida": "메리다",
  "sseldorf": "뒤셀도르프"
}
